source_url,name,short_description,description,price,stock,brand,category_id,category_name,image_url,flavor_enabled,flavors
https://vaporcentrovm.com.ar/producto/pod-elfbar-touch-20-000-puffs/,POD Elfbar Touch 20.000 Puffs,"ELFBAR BC20000 TOUCH | TecnologÃ­a, Sabor y MÃ¡ximo Control ğŸš€ InnovaciÃ³n en vapeo desechable â€“ El ELFBAR BC20000 TOUCH redefine la experiencia con su MEGA PANTALLA TÃCTIL, potencia ajustable y sabores intensos. ğŸ’¨ Hasta 20,000 puffs â€“ Precargado con 20 ml de e-lÃ­quido premium y 5% de nicotina, ofreciendo una experiencia prolongada y satisfactoria. âš¡ Potencia ajustable â€“ Personaliza cada calada con su sistema de energÃ­a de mÃºltiples niveles. ğŸ”¥ Bobina de malla dual â€“ MÃ¡ximo rendimiento en sabor y producciÃ³n de vapor con cada inhalaciÃ³n. ğŸ“Š Pantalla tÃ¡ctil inteligente â€“ Monitorea el nivel de baterÃ­a y e-lÃ­quido fÃ¡cilmente. ğŸ”‹ BaterÃ­a recargable de 750 mAh â€“ Carga rÃ¡pida USB Tipo-C para asegurar el uso hasta la Ãºltima gota de lÃ­quido. ğŸ¯ DiseÃ±o elegante y portÃ¡til â€“ Ideal para vapear en cualquier momento y lugar. âš ï¸ Importante: Producto desechable, no cuenta con garantÃ­a y es exclusivo para mayores de 18 aÃ±os. âœ¨ Elige tu sabor favorito y disfruta de la mejor tecnologÃ­a en vapeo con ELFBAR BC20000 TOUCH.","Peso N/D Dimensiones N/D Sabor: GRAPE ENERGY , WATERMELON ICE , STRAWBERRY WATERMELON BUBBLE GUM , MANGO PEACH , CRANBERRY GRAPE ICE , POLAR MINT , CHERRY PEACH LEMONADE , WATERMELON CHERRY , BLUEBERRY RASPBERRY , CLASSIC COFFEE",11000.0,10,,1,POD Descartables/Desechables,https://vaporcentrovm.com.ar/wp-content/uploads/2025/03/elfbar_touch_20k.jpg,True,GRAPE ENERGY|WATERMELON ICE|STRAWBERRY WATERMELON BUBBLE GUM|MANGO PEACH|CRANBERRY GRAPE ICE|POLAR MINT|CHERRY PEACH LEMONADE|WATERMELON CHERRY|BLUEBERRY RASPBERRY|CLASSIC COFFEE
https://vaporcentrovm.com.ar/producto/%e2%9a%a1-lost-mary-mt35000-turbo-%f0%9f%92%a8-35k-puffs-potencia-maxima/,âš¡ Lost Mary MT35000 Turbo ğŸ’¨ 35K Puffs Potencia MÃ¡xima,"ğŸ”¥ Lost Mary MT35000 Turbo ğŸ’¨ Disponible en Vapor Centro VM, lÃ­deres en Argentina en descartables originales e importados. ğŸš€","DescubrÃ­ el nuevo Lost Mary MT35000 Turbo ğŸ”¥ en Vapor Centro VM, tu web de confianza en Argentina para vapers exigentes. Con mÃ¡s de 35.000 puffs, este dispositivo ofrece potencia, autonomÃ­a y un diseÃ±o innovador ğŸ’¨. En Vapor Centro VM somos referentes en el paÃ­s, especializados en descartables originales e importados, garantizando calidad y seguridad en cada producto. ğŸš€ ElegÃ­ la mejor experiencia de vapeo con nosotros: autenticidad, variedad y los precios mÃ¡s competitivos en Argentina.",32000.0,10,,1,POD Descartables/Desechables,https://vaporcentrovm.com.ar/wp-content/uploads/2025/08/BlurRazzICe_79989936-3372-48da-9457-95b22df3149b.webp,True,OUR GRAPE ICE|MIAMI MINT|BANANA ICE|BLEU RAZZ ICE|STRAWBERRY ICE|BAJA SPLASH|WATERMELON ICE|STRAWBERRY KIWI
https://vaporcentrovm.com.ar/producto/cartucho-desechable-life-pod-8000k-solo-para-equipo-life-pod-hasta-8-000-caladas/,Cartucho Desechable Life Pod 8000K â€“ Solo para Equipo Life Pod | Hasta 8.000 Caladas,Cartucho desechable para Life Pod. Hasta 8.000 caladas con sabor intenso. Sin recargas ni mantenimiento.,"El Cartucho Life Pod 8000K es un cartucho desechable prellenado , diseÃ±ado exclusivamente para su uso con el dispositivo Life Pod . Con una capacidad de hasta 8.000 caladas , ofrece una experiencia de vapeo prolongada, sin recargas, sin lÃ­quidos y sin complicaciones. Cada cartucho viene cargado con sabores intensos y tecnologÃ­a de malla para una inhalaciÃ³n suave y constante. Una vez terminado, simplemente se reemplaza por uno nuevo. Ideal para quienes buscan comodidad, duraciÃ³n y sabor en cada calada. âš ï¸ IMPORTANTE: Este cartucho no funciona de forma independiente . Se requiere el equipo Life Pod para poder utilizarlo. El Cartucho Life Pod 8000K funciona solo? No. Este cartucho es desechable y requiere el equipo Life Pod para poder usarse. ğŸŸ¡ Â¿CuÃ¡ntas caladas ofrece? Hasta 8.000 caladas por cartucho. ğŸŸ¡ Â¿Puedo recargarlo con lÃ­quido? No. Los cartuchos Life Pod 8000K vienen prellenados y no son recargables . ğŸŸ¡ Â¿QuÃ© pasa cuando se termina? Simplemente lo reemplazÃ¡s por un cartucho nuevo. Es 100% desechable. ğŸŸ¡ Â¿Hay variedad de sabores? Â¡SÃ­! EstÃ¡n disponibles en mÃºltiples sabores intensos y frutales.",17000.0,10,,1,POD Descartables/Desechables,https://vaporcentrovm.com.ar/wp-content/uploads/2025/04/PhotoRoom_20230815_171109_800x800_crop_center@2x.webp,True,STRAWBERRY MANGO|STRAWBERRY BANANA|TROPICAL|BANANA ICE|STRAWBERRY ICE
https://vaporcentrovm.com.ar/producto/cartucho-life-pod-eco-ii-10k/,CARTUCHO LIFE POD ECO II 10K,"ğŸ”„ Cartuchos reemplazables : usÃ¡ el mismo dispositivo, cambiÃ¡ solo el cartucho ğŸ’¨ TecnologÃ­a mesh coil : mejor sabor, vapor mÃ¡s uniforme ğŸŒˆ Gran variedad de sabores: frutales, mentolados y clÃ¡sicos ğŸ§© Compatibles solo con el Life Pod Eco II 10K ğŸ“¦ Vienen prellenados y listos para usar","Dale nueva vida a tu dispositivo con los cartuchos originales del Life Pod Eco II 10K . DiseÃ±ados exclusivamente para este modelo, ofrecen un sabor mÃ¡s puro y una experiencia mÃ¡s intensa gracias a su tecnologÃ­a de resistencia mesh . Â¿Estos cartuchos sirven para cualquier Life Pod? No. Son exclusivos del modelo Eco II 10K . No funcionan en modelos anteriores ni en pods desechables. ğŸ“Œ Â¿CuÃ¡ntas caladas trae cada cartucho? Cada cartucho rinde aproximadamente 10.000 caladas , dependiendo del uso individual. ğŸ“Œ Â¿CÃ³mo se reemplaza el cartucho? Solo tenÃ©s que retirar el cartucho viejo y encastrar el nuevo en el dispositivo Eco II 10K. No necesita herramientas ni mantenimiento.",26000.0,10,,1,POD Descartables/Desechables,https://vaporcentrovm.com.ar/wp-content/uploads/2025/04/GECUGI_1724132377.jpg,True,BLUE RAZZ|LOVE 66|GRAPE ICE|GRAPE BUBBLEGUM|BLUEBERRY WATERMELON|WHITE MOCHA ICE|TABACCO VIRGINIA
https://vaporcentrovm.com.ar/producto/descartable-elfbar-fs-18000-puffs/,Descartable Elfbar FS 18000 Puffs,"ğŸš€ ELFBAR FS 18000 Puff â€“ Potencia y Sabor en Cada Calada ğŸ’¨ Â¡Descubre el ElfBar FS 18000, el vape desechable recargable que lleva tu experiencia al siguiente nivel! Con hasta 18,000 puffs, una baterÃ­a de 800mAh y carga rÃ¡pida USB-C, disfrutarÃ¡s de un rendimiento duradero sin interrupciones. âœ¨ CaracterÃ­sticas principales: âœ”ï¸ ğŸ’¨ 18,000 puffs para una experiencia prolongada âœ”ï¸ ğŸ”‹ BaterÃ­a recargable de 800mAh âœ”ï¸ âš¡ Carga rÃ¡pida USB-C para mayor comodidad âœ”ï¸ ğŸ’§ 22ML de lÃ­quido con sabores intensos âœ”ï¸ ğŸ¨ DiseÃ±o elegante, compacto y portÃ¡til âš ï¸ Contiene nicotina. Solo para adultos. Â¡Vapea con responsabilidad!","Peso N/D Dimensiones N/D Sabor: Watermelon Bubble Gum , Cherry Peach Lemonade , Peach Berry , Strawberry Grape , Watermelon Ice , Peach Ice , Blueberry Ice , Orange Watermelon , Blueberry Raspberry , Double Apple",19000.0,10,,1,POD Descartables/Desechables,https://vaporcentrovm.com.ar/wp-content/uploads/2025/03/elfbar_fs_18k.jpg,True,Watermelon Bubble Gum|Cherry Peach Lemonade|Peach Berry|Strawberry Grape|Watermelon Ice|Peach Ice|Blueberry Ice|Orange Watermelon|Blueberry Raspberry|Double Apple
https://vaporcentrovm.com.ar/producto/descartable-elfbar-sweet-king-40-000-puffs/,Descartable Elfbar Sweet King 40.000 Puffs,"Elfbar Sweet King 40K â€“ Potencia, Dulzura y PersonalizaciÃ³n en Cada Calada El Elfbar Sweet King 40K redefine la experiencia del vapeo con una increÃ­ble autonomÃ­a de hasta 40.000 caladas y un exclusivo sistema de cinco modos de dulzor, permitiÃ©ndote ajustar la intensidad del sabor a tu gusto. Este vapeador desechable recargable combina potencia, personalizaciÃ³n y conveniencia en un solo dispositivo. ğŸ”‹ BaterÃ­a recargable de 850 mAh para un rendimiento prolongado. ğŸ’¨ 20 ml de e-lÃ­quido precargado con sabores intensos y duraderos. âš¡ ConcentraciÃ³n de nicotina del 5%, ideal para quienes buscan una experiencia satisfactoria. ğŸ”Œ Puerto USB-C para una carga rÃ¡pida y eficiente. Descubre el Elfbar Sweet King 40K y disfruta de un vapeo a otro nivel con la mÃ¡xima comodidad y calidad. Â¡ConsÃ­guelo ahora!","Peso N/D Dimensiones N/D Sabor: RASPBERRY ORANGE , BLUE RAZZ B-POP , WATERMELON ROLL UPS , WINTERGREEN SAVERS",34000.0,10,,1,POD Descartables/Desechables,https://vaporcentrovm.com.ar/wp-content/uploads/2025/03/Elfbar_sweet_king.jpg,True,RASPBERRY ORANGE|BLUE RAZZ B-POP|WATERMELON ROLL UPS|WINTERGREEN SAVERS
https://vaporcentrovm.com.ar/producto/descartable-ignite-15-000-puffs/,Descartable Ignite 15.000 Puffs,"Ignite V150 15000 Puffs Ignite V150 con un diseÃ±o elegante y portÃ¡til, este pod desechable se adapta perfectamente a tu estilo. âœ¨ CaracterÃ­sticas principales: âœ”ï¸ ğŸ’¨ 15,000 puffs para una experiencia prolongada âœ”ï¸ ğŸ”‹ BaterÃ­a recargable de 650mAh con carga rÃ¡pida Tipo-C âœ”ï¸ ğŸŒŸ Resistencia de malla para un sabor mÃ¡s intenso âœ”ï¸ âš¡ 5% de nicotina para una experiencia satisfactoria âœ”ï¸ ğŸ¨ DiseÃ±o compacto, elegante y fÃ¡cil de llevar âš ï¸ Contiene nicotina. Solo para adultos. Â¡Vapea con responsabilidad!","Peso N/D Dimensiones N/D Sabor: Green Apple , Sour Raspberry , Ice Mint , Cherry Watermelon Ice , Blueberry Ice , Berry Blast , Strawberry Ice , Tobacco , Strawberry Kiwi , Watermelon Mix , Cherry Banana , DragÃ³n Fruit Lemonade",26000.0,10,,1,POD Descartables/Desechables,https://vaporcentrovm.com.ar/wp-content/uploads/2025/03/ignite_15k.jpg,True,Green Apple|Sour Raspberry|Ice Mint|Cherry Watermelon Ice|Blueberry Ice|Berry Blast|Strawberry Ice|Tobacco|Strawberry Kiwi|Watermelon Mix|Cherry Banana|DragÃ³n Fruit Lemonade
https://vaporcentrovm.com.ar/producto/descartable-ignite-v250-25-000-puffs/,Descartable Ignite V250 25.000 Puffs,"Ignite V250 | Pod Desechable de 25,000 Puffs ğŸ”¥ Potencia y practicidad â€“ El Ignite V250 es el pod desechable ideal para sesiones largas, ofreciendo hasta 25,000 caladas para una experiencia de vapeo continua y sin preocupaciones. ğŸ’§ Capacidad de lÃ­quido â€“ Precargado con 16 ml de e-lÃ­quido de sabor mentolado, perfecto para aquellos que buscan frescura en cada inhalaciÃ³n. âš¡ Modos Eco y Boost â€“ Personaliza tu experiencia: Modo Eco: Caladas suaves que prolongan la vida Ãºtil de la baterÃ­a y del e-lÃ­quido. Modo Boost: Caladas mÃ¡s densas e intensas para una experiencia de vapeo potente. ğŸ“Š Indicadores de baterÃ­a y jugo â€“ Monitorea fÃ¡cilmente los niveles de baterÃ­a y e-lÃ­quido, asegurando que no te sorprendan. ğŸ”‹ DiseÃ±o robusto y recargable â€“ Equipado con una baterÃ­a de 650 mAh recargable mediante USB-C, optimizando cada carga para un rendimiento prolongado. ğŸ’¨ Resistencia de doble malla â€“ Garantiza una vaporizaciÃ³n suave y uniforme, mejorando la calidad del vapor. ğŸ–¥ï¸ Pantalla de informaciÃ³n â€“ Muestra la duraciÃ³n de la baterÃ­a y del e-lÃ­quido para mayor comodidad. ğŸ¨ DiseÃ±o compacto y portÃ¡til â€“ Discreto y ligero, ideal para llevar a cualquier lugar y disfrutar de tu vapeo en cualquier ocasiÃ³n. âš ï¸ Importante: Producto desechable, no cuenta con garantÃ­a y es exclusivo para mayores de 18 aÃ±os. âœ¨ Â¡Vive la experiencia Ignite V250 y lleva tu vapeo al siguiente nivel!","Peso N/D Dimensiones N/D Sabor: ALOE GRAPE ICE , WATERMELON DRAGON FRUIT , STRAWBERRY BANANA , WATERMELON ICE , BLUEBERRY ICE , STRAWBERRY KIWI , ICY MINT , STRAWBERRY ICE , GRAPE ICE , PINEAPPLE MANGO , MINTY MELON , GREEN APPLE",21000.0,10,,1,POD Descartables/Desechables,https://vaporcentrovm.com.ar/wp-content/uploads/2025/03/ignite_v250.jpg,True,ALOE GRAPE ICE|WATERMELON DRAGON FRUIT|STRAWBERRY BANANA|WATERMELON ICE|BLUEBERRY ICE|STRAWBERRY KIWI|ICY MINT|STRAWBERRY ICE|GRAPE ICE|PINEAPPLE MANGO|MINTY MELON|GREEN APPLE
https://vaporcentrovm.com.ar/producto/descartable-lost-mary-20-000-puffs/,Descartable Lost Mary 20.000 Puffs,"Lost Mary MO20000 â€“ Experiencia Premium en Cada Calada ğŸ’¨ El Lost Mary MO20000 es un vape desechable de alto rendimiento, diseÃ±ado para ofrecer una experiencia de vapeo sin complicaciones. Con hasta 20,000 caladas, este dispositivo es perfecto para quienes buscan duraciÃ³n y sabor excepcionales en cada sesiÃ³n. âœ¨ CaracterÃ­sticas principales: âœ”ï¸ ğŸ’¨ 20,000 caladas para un vapeo prolongado âœ”ï¸ ğŸ“± Pantalla LED con informaciÃ³n sobre el estado de baterÃ­a, conteo de caladas y regulaciÃ³n de potencia âœ”ï¸ ğŸ“ Amplia gama de sabores deliciosos, desde frutas exÃ³ticas hasta mezclas refrescantes âœ”ï¸ ğŸ”‹ BaterÃ­a recargable mediante USB-C para mayor comodidad âœ”ï¸ ğŸ”’ Circuito de protecciÃ³n incorporado para una experiencia segura âœ”ï¸ ğŸ¨ DiseÃ±o elegante y compacto, fÃ¡cil de usar y transportar âš ï¸ Contiene nicotina. Solo para adultos. Â¡Vapea con responsabilidad!","Peso N/D Dimensiones N/D Sabor: RAINBOW SHERBET , ROCKET POPSICLE , ICE MIN , WATERMELON ICE , STRAWBERRY ICE , PINEAPPLE ICE , STRAWBERRY KIWI , MANGO TWIST , TROPICAL PUNCH , DRAGON DRINK",23000.0,10,,1,POD Descartables/Desechables,https://vaporcentrovm.com.ar/wp-content/uploads/2025/03/lost_mary_20k.jpg,True,RAINBOW SHERBET|ROCKET POPSICLE|ICE MIN|WATERMELON ICE|STRAWBERRY ICE|PINEAPPLE ICE|STRAWBERRY KIWI|MANGO TWIST|TROPICAL PUNCH|DRAGON DRINK
https://vaporcentrovm.com.ar/producto/descartable-masking-vimaxi-20-000-puffs/,Descartable Masking Vimaxi 20.000 Puffs,"Maskking Vimaxi 20K Puffs | Potencia, Control y MÃ¡ximo Sabor ğŸ”¥ Alto rendimiento y tecnologÃ­a avanzada â€“ El Maskking Vimaxi 20,000 Puffs es un vape desechable diseÃ±ado para quienes buscan una experiencia personalizada y duradera. ğŸ”‹ BaterÃ­a recargable de 600 mAh â€“ Mantiene una potencia constante y se recarga fÃ¡cilmente mediante USB Tipo-C, garantizando sabor y vapor hasta la Ãºltima calada. ğŸ“Š Pantalla integrada â€“ Monitorea en tiempo real el nivel de baterÃ­a y la cantidad de caladas restantes. ğŸ’¨ Flujo de aire ajustable â€“ Personaliza cada bocanada con opciones de caladas cerradas (MTL) o abiertas (DTL). âš¡ Modo Normal y Turbo â€“ Ajusta la potencia segÃºn tu preferencia: âœ… Normal: Consumo equilibrado y estable. ğŸš€ Turbo: Golpe de vapor mÃ¡s intenso para una experiencia potente. ğŸ¯ DiseÃ±o compacto y elegante â€“ FÃ¡cil de transportar, con un acabado ergonÃ³mico para mayor comodidad. âš ï¸ Importante: Producto desechable, no cuenta con garantÃ­a y estÃ¡ dirigido exclusivamente a mayores de 18 aÃ±os.","Peso N/D Dimensiones N/D Sabor: STRAWBERRY MINT LEMONADE , STRAWBERRY KIWI , STRAWBERRY MANGO , STRAWBERRY BANANA , COOL MINT , STRAWBERRY ICE , MANGO PIMEAPPLE , WATERMELON ICE",25000.0,10,,1,POD Descartables/Desechables,https://vaporcentrovm.com.ar/wp-content/uploads/2025/03/masking_vimaxi_20k.jpg,True,STRAWBERRY MINT LEMONADE|STRAWBERRY KIWI|STRAWBERRY MANGO|STRAWBERRY BANANA|COOL MINT|STRAWBERRY ICE|MANGO PIMEAPPLE|WATERMELON ICE
https://vaporcentrovm.com.ar/producto/descartable-mr-nic-15-000-puffs/,Descartable Mr Nic 15.000 Puffs,"Vaper LED con Pantalla Circular â€“ InnovaciÃ³n y Estilo en Cada Calada ğŸ’¨ Este vaper de diseÃ±o futurista incluye una pantalla LED con luz que se mueve en forma circular mientras vapeas, creando una experiencia visual Ãºnica. Con 16 ml de lÃ­quido, una baterÃ­a recargable de 600 mAh y carga rÃ¡pida tipo C, disfrutarÃ¡s de un vapeo potente y duradero. âœ¨ CaracterÃ­sticas principales: âœ”ï¸ ğŸ’¨ 16 ml de lÃ­quido para una experiencia prolongada âœ”ï¸ ğŸ”‹ BaterÃ­a recargable de 600 mAh con carga rÃ¡pida tipo C âœ”ï¸ ğŸŒŸ Pantalla LED con luz circular que se mueve al vapear âœ”ï¸ âš¡ ActivaciÃ³n automÃ¡tica para mayor comodidad âœ”ï¸ ğŸ¨ DiseÃ±o moderno y elegante âš ï¸ Contiene nicotina. Solo para adultos. Â¡Vapea con responsabilidad!","Peso N/D Dimensiones N/D Sabor: CALIFORNIA CHERRY , BLUEBERRY ICE , GRAPE BLOW , RED ENERGY ICE , HONEY WATERMELON PASSION FRUIT",16000.0,10,,1,POD Descartables/Desechables,https://vaporcentrovm.com.ar/wp-content/uploads/2025/03/mr_nic_15k.jpg,True,CALIFORNIA CHERRY|BLUEBERRY ICE|GRAPE BLOW|RED ENERGY ICE|HONEY WATERMELON PASSION FRUIT
https://vaporcentrovm.com.ar/producto/descartable-pyne-pod-8500-puffs/,Descartable Pyne Pod 8500 Puffs,"Pyne Pod Boost 8500 | La FusiÃ³n Perfecta entre Pod y Vape Desechable ğŸ”¥ InnovaciÃ³n y control total â€“ El Pyne Pod Boost 8500 combina lo mejor de un kit pod con la facilidad de un vape desechable, ofreciendo una experiencia de vapeo personalizable. âš¡ Modo de potencia dual â€“ Ajusta el vataje a tu preferencia con su botÃ³n Ãºnico de control: âœ… Modo Bajo: Para una calada mÃ¡s suave y prolongada. ğŸš€ Modo Alto: Potencia extra para un golpe mÃ¡s intenso. ğŸ“Š Pantalla integrada â€“ Monitorea fÃ¡cilmente el nivel de baterÃ­a y e-lÃ­quido en todo momento. ğŸ’¨ Sabor puro y vapor denso â€“ Gracias a su bobina de malla integrada, ofrece una producciÃ³n de vapor constante y un sabor mÃ¡s intenso. ğŸ”‹ BaterÃ­a recargable de 550mAh â€“ Mayor autonomÃ­a con carga rÃ¡pida USB Tipo-C para una experiencia sin interrupciones. ğŸ’¨ Hasta 8,500 caladas â€“ Rendimiento prolongado sin necesidad de recargar lÃ­quido o cambiar resistencias. âš ï¸ Importante: Producto desechable, no cuenta con garantÃ­a y es exclusivo para mayores de 18 aÃ±os. ğŸ¯ Pyne Pod Boost 8500: La revoluciÃ³n del vapeo en tus manos.","Peso N/D Dimensiones N/D Sabor: STRAWBERRY WATERMELON , BLUEBERRY RASPBERRY , SAKURA GRAPE , WATERMELON ICE , STRAWBERRY BANANA , BLUEBERRY COTTON CANDY",16000.0,10,,1,POD Descartables/Desechables,https://vaporcentrovm.com.ar/wp-content/uploads/2025/03/pyne_pod_8500.jpg,True,STRAWBERRY WATERMELON|BLUEBERRY RASPBERRY|SAKURA GRAPE|WATERMELON ICE|STRAWBERRY BANANA|BLUEBERRY COTTON CANDY
https://vaporcentrovm.com.ar/producto/descartable-the-black-sheep-dual-tank-20-000-puffs/,Descartable The Black Sheep Dual Tank 20.000 Puffs,"The Black Sheep 20K Puffs DUAL TANK | Vape Recargable con Doble Sabor ğŸŒŸ Doble tanque, doble sabor â€“ Disfruta de dos sabores en un mismo vape, eligiendo entre ellos para una experiencia Ãºnica. ğŸ”‹ BaterÃ­a de 1200 mAh â€“ Potencia duradera con indicador LED de estado de baterÃ­a. ğŸ’¨ Hasta 20.000 caladas â€“ Alto rendimiento con 5% de nicotina (50 mg) para una experiencia intensa. âš¡ Recargable y prÃ¡ctico â€“ Con entrada USB Tipo-C en la parte superior. Solo se recarga la baterÃ­a, no la esencia. âš ï¸ Importante: Este producto es de un solo uso, no cuenta con garantÃ­a y estÃ¡ dirigido exclusivamente a mayores de 18 aÃ±os.","Peso N/D Dimensiones N/D Sabor: WATERMELON BUBBLEGUM/MANGO PEACH WATERMELON , FRESH MINT/GRAPE , CHERRY RASPBERRY/WATERMELON STRAWBERRY , BLUE BERRY/BLUE RAZZ LEMONADE",30000.0,10,,1,POD Descartables/Desechables,https://vaporcentrovm.com.ar/wp-content/uploads/2025/03/the_black_sheep_20k.jpg,True,WATERMELON BUBBLEGUM|MANGO PEACH WATERMELON|FRESH MINT|GRAPE|CHERRY RASPBERRY|WATERMELON STRAWBERRY|BLUE BERRY|BLUE RAZZ LEMONADE
https://vaporcentrovm.com.ar/producto/%f0%9f%92%a8-elfbar-trio-%f0%9f%94%8b-potencia-diseno-y-autonomia/,"ğŸ’¨ Elfbar TRIO ğŸ”‹ Potencia, DiseÃ±o y AutonomÃ­a","ğŸ”¥ Elfbar TRIO ğŸ’¨ DescubrÃ­ 3 sabores premium: Pomegranate Blast, Pineapple Lime y Strawberry Orange Lime ğŸš€ Solo en Vapor Centro VM","El nuevo Elfbar TRIO ğŸ’¨ llega a Vapor Centro VM con una propuesta Ãºnica para los amantes del vapeo: tres sabores innovadores en un solo dispositivo. Pomegranate Blast ğŸ‡ğŸ’¥: una explosiÃ³n intensa de granada dulce y fresca. Pineapple Lime ğŸğŸ‹: la combinaciÃ³n tropical perfecta, refrescante y vibrante. Strawberry Orange Lime ğŸ“ğŸŠğŸ‹: un mix frutal cÃ­trico que equilibra dulzura y acidez. Con un diseÃ±o moderno, excelente autonomÃ­a y calidad garantizada, el Elfbar TRIO redefine la experiencia de vapeo. ğŸš€ En Vapor Centro VM , lÃ­deres en Argentina en descartables originales e importados, encontrÃ¡s la mejor variedad, precios competitivos y la seguridad de comprar siempre productos autÃ©nticos.",30000.0,10,,1,POD Descartables/Desechables,https://vaporcentrovm.com.ar/wp-content/uploads/2025/08/elfbar-trio-raspberry-watermelon-40000-puffs-5-nicotina-3541601_1024x.webp,True,POMEGRANATE BLAST|PINEAPPLE LIME|STRAWBERRY ORANGE LIME
https://vaporcentrovm.com.ar/producto/pod-descartable-oxbar-10-000-puffs/,Pod descartable Oxbar 10.000 Puffs,"Oxbar 10,000 Puffs â€“ Vape Descartable de Larga DuraciÃ³n ğŸ”¥ Disfruta de una experiencia de vapeo duradera con el Oxbar 10,000 Puffs, un pod desechable que ofrece 10,000 puffs para un sabor fresco y consistente en cada calada. Con un diseÃ±o compacto y fÃ¡cil de usar, es perfecto para quienes buscan conveniencia y calidad sin complicaciones. âœ¨ CaracterÃ­sticas principales: âœ”ï¸ ğŸ’¨ 10,000 puffs para un vapeo prolongado âœ”ï¸ ğŸ”‹ BaterÃ­a de larga duraciÃ³n âœ”ï¸ âš¡ ActivaciÃ³n automÃ¡tica al inhalar âœ”ï¸ ğŸ¨ DiseÃ±o compacto y portÃ¡til âœ”ï¸ ğŸ“ Sabores intensos y agradables âš ï¸ Contiene nicotina. Solo para adultos. Â¡Vapea con responsabilidad!","Peso N/D Dimensiones N/D Sabor: Cool Mint , Raspberry Peneapple Ice , Strawberry Kiwi Ice , Watermelon Ice , Triple Mango , Mango Watermelon Ice",27000.0,10,,1,POD Descartables/Desechables,https://vaporcentrovm.com.ar/wp-content/uploads/2025/03/oxbar_10k.jpg,True,Cool Mint|Raspberry Peneapple Ice|Strawberry Kiwi Ice|Watermelon Ice|Triple Mango|Mango Watermelon Ice
https://vaporcentrovm.com.ar/producto/descartable-zomo-party-4-500-puffs/,Descartable Zomo Party 4.500 Puffs,"Zomo Party 4,500 Puffs | Sabor y DiversiÃ³n en Cada Calada ğŸ‰ Vapea con estilo â€“ El Zomo Party 4,500 Puffs es un vape desechable diseÃ±ado para quienes buscan intensidad y comodidad en un solo dispositivo. ğŸ’¨ Hasta 4,500 caladas â€“ Disfruta de un rendimiento prolongado sin necesidad de recargar ni cambiar resistencias. ğŸ”¥ Sabor puro y consistente â€“ Equipado con tecnologÃ­a de alto rendimiento para garantizar cada bocanada llena de intensidad. ğŸ”‹ BaterÃ­a optimizada â€“ Listo para usar desde el primer momento, sin complicaciones ni mantenimiento. âš ï¸ Importante: Producto desechable, no cuenta con garantÃ­a y es exclusivo para mayores de 18 aÃ±os. ğŸ¯ Zomo Party 4,500: La mejor combinaciÃ³n de sabor y practicidad","Peso N/D Dimensiones N/D Sabor: BLUE RAZZ ICE , GRAPE , CHERRY , BANANA ICE , ORANGE , TROPICAL AMAZON , SWISS ALPS , WATERMELON MINT",15000.0,10,,1,POD Descartables/Desechables,https://vaporcentrovm.com.ar/wp-content/uploads/2025/03/zomo_party_4500.jpg,True,BLUE RAZZ ICE|GRAPE|CHERRY|BANANA ICE|ORANGE|TROPICAL AMAZON|SWISS ALPS|WATERMELON MINT
https://vaporcentrovm.com.ar/producto/elfbar-bc-15k/,Elfbar BC 15K,"ğŸ”‹ BaterÃ­a de larga duraciÃ³n: Equipada con una baterÃ­a de alta capacidad que garantiza el mÃ¡ximo rendimiento durante toda la vida Ãºtil del dispositivo. ğŸ’¨ 15.000 caladas: DiseÃ±ado para ofrecer una experiencia de vapeo prolongada, ideal para quienes desean evitar recargas frecuentes. ğŸŒˆ Variedad de sabores: Disponible en mÃºltiples sabores frutales y mentolados para satisfacer todos los gustos. ğŸ–ï¸ DiseÃ±o ergonÃ³mico: Su forma compacta y ligera facilita el transporte y el uso diario. âœ… Listo para usar: No requiere configuraciÃ³n ni mantenimiento; simplemente desempaquetÃ¡ y comenzÃ¡ a vapear.","El Elfbar BC 15K es un vape desechable de Ãºltima generaciÃ³n que ofrece hasta 15.000 caladas , ideal para usuarios que buscan una experiencia de vapeo prolongada sin la necesidad de recargas o mantenimiento. Con un diseÃ±o ergonÃ³mico y compacto, este dispositivo combina estilo y funcionalidad, proporcionando un sabor intenso y una producciÃ³n de vapor consistente desde la primera hasta la Ãºltima calada. Â¿CuÃ¡nto dura el Elfbar BC 15K? âœ”ï¸ Ofrece hasta 15.000 caladas , lo que equivale a varios dÃ­as o semanas de uso, dependiendo de la frecuencia de vapeo. ğŸ“Œ Â¿Es recargable o reutilizable? âŒ No, el Elfbar BC 15K es un dispositivo desechable y no estÃ¡ diseÃ±ado para recargarse ni reutilizarse. ğŸ“Œ Â¿QuÃ© tipo de lÃ­quido contiene? âœ”ï¸ Utiliza e-lÃ­quido con sales de nicotina , proporcionando una absorciÃ³n rÃ¡pida y un golpe de garganta suave. ğŸ“Œ Â¿EstÃ¡ disponible en diferentes sabores? âœ”ï¸ SÃ­, el Elfbar BC 15K se ofrece en una amplia gama de sabores, incluyendo frutas, mentolados y mezclas exÃ³ticas.",22000.0,10,,1,POD Descartables/Desechables,https://vaporcentrovm.com.ar/wp-content/uploads/2025/04/m-elfbar-bc-15k-elf-love.jpg,True,STRAWBERRY KIWI|ELF LOVE|PEAR WATERMELON DRAGONFRUIT|SAKURA GRAPE|MIAMI MINT|TRIPLE BERRY ICE|WATERMELON ICE|STRAWBERRY ICE
https://vaporcentrovm.com.ar/producto/elfbar-te-30k/,ELFBAR TE 30K,ğŸ”¥ ELFBAR TE 30K â€“ 30.000 PUFF ğŸ”¥ | Â¡LlevÃ¡ tu experiencia de vapeo al siguiente nivel! ğŸš€ DisfrutÃ¡ de sabores intensos y duraderos en cada pitada ğŸ˜ con un diseÃ±o elegante y ergonÃ³mico. ğŸ’¨ Â¡30.000 bocanadas de pura satisfacciÃ³n! Â¿Listo para transformar tu rutina? âš¡âœ¨ #VapeoPremium #ELFBARTE30K,"Sabor: BLUEBERRY SOUR RASPBERRY , BUBBALOO GRAPE , MIAMI MINT , CHERRY STRAZZ , STRAWBERRY ICE , BUBBALOO TUTTI FRUTTI",17000.0,10,,1,POD Descartables/Desechables,https://vaporcentrovm.com.ar/wp-content/uploads/2025/03/d89a1a9a05d789b9f4bb8da705681a9302f4af506ef2d57edc7a784fa0ccc04a268029.jpg,True,BLUEBERRY SOUR RASPBERRY|BUBBALOO GRAPE|MIAMI MINT|CHERRY STRAZZ|STRAWBERRY ICE|BUBBALOO TUTTI FRUTTI
https://vaporcentrovm.com.ar/producto/frosty-mega-hd-screen-25k/,FROSTY Mega HD SCREEN 25K,Pantalla de alta definiciÃ³n con calidad superior.,"DescubrÃ­ la potencia visual del FROSTY Mega HD SCREEN 25K , una pantalla de Ãºltima generaciÃ³n que ofrece resoluciÃ³n ultra HD, colores vivos y una experiencia inmersiva incomparable. Ideal para gaming, diseÃ±o grÃ¡fico o entretenimiento en mÃ¡xima calidad. TecnologÃ­a avanzada en cada detalle.",65000.0,10,,1,POD Descartables/Desechables,https://vaporcentrovm.com.ar/wp-content/uploads/2025/05/frosty-banana-ice.png,True,ICY MINT|GRAPE ICE|STRAWBERRY KIWI ICE|PASSION FRUIT KIWI|GREEN APPLE ICE|WATERMELON ICE|STRAWBERRY WATERMELON
https://vaporcentrovm.com.ar/producto/hqd-bang-5000-puffs/,HQD Bang 5000 Puffs,"HQD Bang 5000 Puffs â€“ Sabor y Potencia en Cada Calada Descubre el HQD Bang 5000 Puffs , un pod desechable diseÃ±ado para brindar una experiencia de vapeo Ãºnica y duradera. Con 2% de nicotina (20mg) y una baterÃ­a potente, este dispositivo ofrece un golpe de garganta suave pero satisfactorio, ideal para disfrutar de tus sabores favoritos por mÃ¡s tiempo. âœ… Hasta 5000 puffs para un vapeo prolongado. âœ… 2% de nicotina (20mg) para una experiencia equilibrada. âœ… DiseÃ±o compacto y ergonÃ³mico , fÃ¡cil de llevar a cualquier lugar. âœ… OperaciÃ³n automÃ¡tica sin botones, solo inhala y disfruta. Â¡El HQD Bang 5000 es la opciÃ³n perfecta para quienes buscan comodidad, sabor y rendimiento en un solo dispositivo! ğŸ”¥ğŸ’¨","Sabor: STRAWBERRY KIWI , GRAPE , BLUEBERRY MINT , BUBBLE GUM , STRAWBERRY MANGO , MIXED BERRIES , MANGO ICE",17000.0,10,,1,POD Descartables/Desechables,https://vaporcentrovm.com.ar/wp-content/uploads/2025/03/WhatsApp-Image-2025-03-28-at-16.06.56.jpeg,True,STRAWBERRY KIWI|GRAPE|BLUEBERRY MINT|BUBBLE GUM|STRAWBERRY MANGO|MIXED BERRIES|MANGO ICE
https://vaporcentrovm.com.ar/producto/ignite-ice-40k-potencia-fria-sabor-intenso/,"IGNITE ICE 40K â€“ Potencia FrÃ­a, Sabor Intenso","ExplosiÃ³n de sabor y frescura ğŸ§ŠğŸ”¥ â€“ IGNITE ICE 40K con 5% de nicotina, 800mAh de pura potencia. Â¡Disfruta cada calada!","IGNITE ICE 40K llega con todo: 5% de nicotina , una baterÃ­a de 800mAh , y una experiencia ultra refrescante en cada inhalaciÃ³n. Perfecto para quienes buscan potencia, estilo y sabor sin lÃ­mites . Con un diseÃ±o moderno y un golpe de garganta potente, este dispositivo desechable redefine lo que esperas de tu vape. âš¡ Alta duraciÃ³n , ğŸ§Š frescura extrema , y ğŸ’¨ nubes intensas te esperan en cada calada. Â¡Dale chispa a tu dÃ­a con IGNITE ICE 40K!",16500.0,10,,1,POD Descartables/Desechables,https://vaporcentrovm.com.ar/wp-content/uploads/2025/07/WhatsApp-Image-2025-07-21-at-15.55.27-1.jpeg,True,MINT|GRAPE PEACH|BLUEBERRY|MANGO|LEMON LIME|STRAWBERRY WATERMELON|GRAPE
https://vaporcentrovm.com.ar/producto/juice-king-a-18-000-puffs/,JUICE KING A 18.000 PUFFS,"Juice King A18000 Disposable â€“ 18,000 Puffs de Potencia y Sabor Descubre el Juice King A18000 , un vape desechable de alto rendimiento diseÃ±ado para ofrecer una experiencia de vapeo excepcional. Con una capacidad prellenada de 20mL y baterÃ­a de 650mAh , este dispositivo garantiza hasta 18,000 puffs en modo regular y 9,000 puffs en modo boost. âœ… Dos modos de potencia : Regular (18,000 puffs) y Boost (9,000 puffs). âœ… Bobinas Dual Mesh para un sabor mÃ¡s intenso y uniforme. âœ… Flujo de aire ajustable para personalizar tu calada. âœ… Pantalla digital de 0.96â€ con indicadores de baterÃ­a y e-lÃ­quido. âœ… Carga rÃ¡pida USB Tipo-C para mayor comodidad. Con 5% de nicotina (50mg) , el Juice King A18000 es ideal para quienes buscan un golpe de garganta potente con sabores definidos y duraderos . Â¡Disfruta de la mejor tecnologÃ­a en vapeo con este innovador dispositivo! ğŸš€ğŸ’¨","Sabor: STRAWBERRY WATERMELON , MEXICO MANGO , MIXED BERRIES , STRAWBERRY BANANA , BLUEBERRY RASPBERRY , GRAPE BLOW POP , CHERRY BOMB , BLUE MINT",16000.0,10,,1,POD Descartables/Desechables,https://vaporcentrovm.com.ar/wp-content/uploads/2025/03/WhatsApp_Image_2025-03-28_at_15.35.46-removebg-preview.png,True,STRAWBERRY WATERMELON|MEXICO MANGO|MIXED BERRIES|STRAWBERRY BANANA|BLUEBERRY RASPBERRY|GRAPE BLOW POP|CHERRY BOMB|BLUE MINT
https://vaporcentrovm.com.ar/producto/lost-angel-pro-max-20k/,Lost Angel PRO MAX 20k,"Descubre el Lost Angel Pro Max 20,000 Puffs , el vape desechable ideal para quienes buscan durabilidad, conveniencia y sabor excepcional . Con 16 ml de e-lÃ­quido precargado y bobinas de malla doble , garantiza un sabor intenso y una producciÃ³n de vapor Ã³ptima ğŸ’¨ğŸ”¥. âœ… CaracterÃ­sticas destacadas: Durabilidad extrema : Hasta 20,000 caladas en modo normal. BaterÃ­a recargable ğŸ”‹ con puerto USB Tipo-C (cable no incluido). Bobinas de malla doble para una experiencia de vapeo mÃ¡s rica y suave. 5% de nicotina (50 mg) para una sensaciÃ³n satisfactoria. El Lost Angel Pro Max combina rendimiento y comodidad , ofreciendo una experiencia premium en cada calada. ğŸš€ğŸ’¨","Sabor: BLUEBERRY COTTON CANDY , STRAWBERRY BANANA , GRAPE ICE , BLUEBERRY WATERMELON , CRAZY BERRY",20000.0,10,,1,POD Descartables/Desechables,https://vaporcentrovm.com.ar/wp-content/uploads/2025/03/juicy-peach.webp,True,BLUEBERRY COTTON CANDY|STRAWBERRY BANANA|GRAPE ICE|BLUEBERRY WATERMELON|CRAZY BERRY
https://vaporcentrovm.com.ar/producto/lost-mary-mo10k/,LOST MARY MO10K,"Descubre el Lost Mary MO10000 , el vape desechable mÃ¡s avanzado que eleva tu experiencia con 10,000 caladas , 18 ml de e-lÃ­quido premium y tecnologÃ­a de bobina de malla para una restauraciÃ³n de sabor ","Descubre el Lost Mary MO10000 , el vape desechable mÃ¡s avanzado que eleva tu experiencia con 10,000 caladas , 18 ml de e-lÃ­quido premium y tecnologÃ­a de bobina de malla para una restauraciÃ³n de sabor 45% mejor y una producciÃ³n de vapor 30% superior ğŸŒ¬ï¸ğŸ”¥. âœ… CaracterÃ­sticas principales: Pantalla LED ğŸ“Š que muestra potencia y nivel de lÃ­quido. BaterÃ­a recargable de 600 mAh ğŸ”‹ con puerto USB-C . Algoritmos inteligentes que evitan el sabor a quemado. 5% de nicotina (50 mg) para una experiencia intensa y duradera. DiseÃ±o ergonÃ³mico y ondulado , cÃ³modo y elegante. El Lost Mary MO10000 no solo maximiza el sabor y la suavidad , sino que redefine el estÃ¡ndar en calidad y tecnologÃ­a para vapeadores exigentes. ğŸš€ğŸ’¨",19000.0,10,,1,POD Descartables/Desechables,https://vaporcentrovm.com.ar/wp-content/uploads/2025/03/P0RvuXz3X44.970.970.jpg,True,TRIPLE MANGO|STRAWBERRY ICE|GRAPE BUBBLEGUM|MENTHOL ICE|ROSE GRAPE
https://vaporcentrovm.com.ar/producto/nikbar-10k-potencia-sabor-y-10-000-caladas/,"Nikbar 10K â€“ Potencia, Sabor y 10.000 Caladas","Nikbar 10K: hasta 10.000 caladas, baterÃ­a recargable y sabores intensos. Potencia, estilo y comodidad en un solo vape desechable.","El Nikbar 10K es un dispositivo de vapeo desechable de alto rendimiento diseÃ±ado para ofrecer hasta 10.000 caladas con una experiencia intensa y consistente desde la primera hasta la Ãºltima bocanada. Equipado con una baterÃ­a recargable y tecnologÃ­a de malla para un sabor mÃ¡s puro, el Nikbar 10K combina potencia, estilo y comodidad. Con una amplia gama de sabores intensos y equilibrados, es ideal tanto para usuarios nuevos como para vapers experimentados que buscan durabilidad y calidad premium en un solo dispositivo. Sin mantenimiento ni complicaciones: solo disfruta y reemplaza cuando se acabe. ğŸ”¥ Sabores Disponibles: PINEAPPLE ICE | CHERRY WATERMELON ICE | BLUEBERRY ICE | GRAPE ICE | STRAWBERRY SHORTCAKE | WATERMELON BUBBLE GUM",30000.0,10,,1,POD Descartables/Desechables,https://vaporcentrovm.com.ar/wp-content/uploads/2025/04/nikbar-10000-pod-descartavel1-f1d274a821a50bf1de17412127385378-480-0.jpg,True,PINEAPPLE ICE|CHERRY WATERMELON ICE|BLUEBERRY ICE|GRAPE ICE|STRAWBERRY SHORTCAKE|WATERMELON BUBBLE GUM
https://vaporcentrovm.com.ar/producto/nikbar-ice-baby-40k/,Nikbar Ice Baby 40K,"Descubre el Nikbar Ice Baby 40K , el vape desechable mÃ¡s innovador , diseÃ±ado para quienes buscan control total y sabor extremo . Con 40,000 caladas , tecnologÃ­a Triple Mesh Coil y pantalla LCD lateral interactiva , te permite personalizar nicotina, intensidad y nivel de frÃ­o â„ï¸ğŸ”¥. âœ… CaracterÃ­sticas principales: RegulaciÃ³n de NlC% y fuerza del sabor. Control del nivel de frÃ­o (Ice Level) para una experiencia refrescante a medida. Triple Mesh Coil para un sabor mÃ¡s definido y profundo. Flujo de aire ajustable para una calada perfecta. Super baterÃ­a de 1000 mAh ğŸ”‹ con carga USB-C de larga duraciÃ³n. Ideal para principiantes y expertos , el Nikbar Ice Baby 40K te transporta a una nueva dimensiÃ³n de personalizaciÃ³n y sabor . ğŸš€ğŸ’¨","Sabor: MIAMI MINT , GRAPE ICE , PINEAPPLE ICE , STRAWBERRY , WATERMELON ICE , BLACK CHERRY ICE",18000.0,10,,1,POD Descartables/Desechables,https://vaporcentrovm.com.ar/wp-content/uploads/2025/03/2354823453_2025-03-27_15_16_10_0.png,True,MIAMI MINT|GRAPE ICE|PINEAPPLE ICE|STRAWBERRY|WATERMELON ICE|BLACK CHERRY ICE
https://vaporcentrovm.com.ar/producto/oxbar-ice-nic-control-35k/,OXBAR ICE-NIC Control 35K,"Control de nicotina: Tres niveles ajustables: Bajo, Regular y Fuerte. Control de frescura (ICE): Cuatro niveles disponibles: Sin hielo, Bajo, Medio y Brain Freeze. Capacidad de caladas: Hasta 35.000 caladas por dispositivo. BaterÃ­a recargable: 900mAh con carga rÃ¡pida mediante puerto USB Tipo-C. Pantalla digital: Muestra niveles de baterÃ­a, nicotina y frescura. TecnologÃ­a de doble malla: Proporciona un sabor intenso y producciÃ³n de vapor consistente. DiseÃ±o ergonÃ³mico: Compacto y fÃ¡cil de transportar. Sabores disponibles: Amplia variedad, incluyendo opciones frutales, mentoladas y dulces. â€‹","ğŸ”¥ OXBAR ICE-NIC Control 35K â€“ Vape Desechable con Control de Nicotina y Frescura El OXBAR ICE-NIC Control 35K es un dispositivo de vapeo desechable revolucionario que ofrece hasta 35.000 caladas . DiseÃ±ado en colaboraciÃ³n con Pod Juice , este vape permite ajustar tanto el nivel de nicotina como la intensidad de frescura (mentol), brindando una experiencia de vapeo completamente personalizada. Â¿CÃ³mo se ajustan los niveles de nicotina y frescura? El dispositivo cuenta con botones dedicados para cada ajuste, permitiendo cambiar los niveles segÃºn tu preferencia. â€‹ ğŸ“Œ Â¿CuÃ¡nto tiempo dura la baterÃ­a? La baterÃ­a de 900mAh es recargable y estÃ¡ diseÃ±ada para durar todo el ciclo de vida del dispositivo, ofreciendo hasta 35.000 caladas. â€‹ ğŸ“Œ Â¿Es adecuado para principiantes? SÃ­, su diseÃ±o intuitivo y la posibilidad de personalizar la experiencia lo hacen ideal tanto para principiantes como para usuarios experimentados. â€‹ ğŸ“Œ Â¿QuÃ© tipo de lÃ­quidos utiliza? Viene prellenado con e-lÃ­quido de Pod Juice con una concentraciÃ³n de nicotina del 5% (50mg).",20000.0,10,,1,POD Descartables/Desechables,https://vaporcentrovm.com.ar/wp-content/uploads/2025/04/oxbar_ice_nic_control_35k_3c5122bb25.avif,True,TRIPLE BERRY ICE|TROPICAL DEW DROP|STRAWBERRY SPLASH|BLUE BERRY WATERMELON|PINK STRAWBERRY BURST|STRAWBERRY SHORT CAKE|WATER MELON LUSH
https://vaporcentrovm.com.ar/producto/pod-blvk-bar-20k-vape-desechable-de-tabaco/,POD BLVK BAR 20K â€“ Vape Desechable de Tabaco,"Experimenta el autÃ©ntico sabor a tabaco con el POD BLVK BAR 20K , un vape desechable de alto rendimiento diseÃ±ado para quienes buscan una alternativa sofisticada. Con 20,000 caladas , garantiza una experiencia prolongada y satisfactoria ğŸ’¨ğŸ”¥. âœ… CaracterÃ­sticas principales: Sabor premium a tabaco , autÃ©ntico e intenso. 20,000 caladas para un vapeo duradero. BaterÃ­a recargable USB-C ğŸ”‹ para mayor comodidad. DiseÃ±o elegante y portÃ¡til , ideal para cualquier ocasiÃ³n. Si buscas un vape desechable de tabaco con calidad superior y gran autonomÃ­a , el POD BLVK BAR 20K es tu mejor opciÃ³n. ğŸš€ğŸ’¨","Sabor: AMERICAN TOBACCO , BURLEY TOBACCO",29000.0,10,,1,POD Descartables/Desechables,https://vaporcentrovm.com.ar/wp-content/uploads/2025/03/36f3d1_50bf47b4cfa94428a373f9d7ff2e7fa3mv2.avif,True,AMERICAN TOBACCO|BURLEY TOBACCO
https://vaporcentrovm.com.ar/producto/pod-descartabe-yooz-linkx-25-000-puffs/,Pod descartabe Yooz Linkx 25.000 Puffs,"YOOZ Linkx 25,000 Inhalaciones | Dispositivo Desechable Recargable de Alta TecnologÃ­a ğŸŒŸ Descubre el YOOZ Linkx, un dispositivo electrÃ³nico que redefine el vapeo con hasta 25,000 inhalaciones. Perfecto para quienes buscan funciones avanzadas y una potente administraciÃ³n de nicotina, este desechable recargable combina innovaciÃ³n, conveniencia y entretenimiento. ğŸ”‹ BaterÃ­a recargable de 850 mAh â€“ Disfruta de un uso prolongado y eficiente gracias a la carga rÃ¡pida por USB tipo C (cable no incluido). ğŸ’§ 5% de concentraciÃ³n de nicotina â€“ Ofrece una dosis audaz y potente para una satisfacciÃ³n mÃ¡xima en cada calada. ğŸ“± Interfaz de pantalla tÃ¡ctil â€“ Navega fÃ¡cilmente con fondos de pantalla personalizables y GIFs que hacen que cada uso sea Ãºnico. ğŸ¶ Efectos de sonido interactivos â€“ Elige entre opciones inmersivas como Shisha/I, Robot, Counter-Strike y Black Hole para una experiencia divertida. ğŸ”— Conectividad Bluetooth â€“ Sincroniza con la aplicaciÃ³n YOOZ para funciones y controles avanzados, mejorando tu experiencia de vapeo. ğŸ“ FunciÃ³n de llamada telefÃ³nica â€“ Responde llamadas directamente desde tu dispositivo desechable, manteniÃ©ndote conectado en todo momento. ğŸ® 7 juegos integrados â€“ Mantente entretenido con juegos como PlaneWars, FightZombies y DuckRange, Â¡perfectos para pasar el tiempo! ğŸŒ¬ï¸ Flujo de aire ajustable y bobinas de malla doble â€“ Personaliza la producciÃ³n de vapor y mejora el sabor para una experiencia de vapeo a tu medida. Rendimiento de Siguiente Nivel en Cada Bocanada El YOOZ Linkx no es solo un dispositivo de gran inhalaciÃ³n; su tecnologÃ­a avanzada y caracterÃ­sticas Ãºnicas brindan una experiencia de vapeo sin igual. Con su funcionalidad habilitada para Bluetooth y opciones de entretenimiento, tendrÃ¡s todo lo que necesitas al alcance de tu mano. Â¿Por quÃ© elegir YOOZ Linkx? Uso prolongado con una increÃ­ble capacidad de 25,000 caladas. TecnologÃ­a avanzada con control de pantalla tÃ¡ctil, conectividad Bluetooth y juegos integrados. Recargable, ajustable y personalizable para una experiencia premium. âœ¨ Â¡Eleva tu experiencia de vapeo con el YOOZ Linkx y disfruta de la innovaciÃ³n en cada calada!","Peso N/D Dimensiones N/D Sabor: WHITE GUM ICE , MIX BERRY , BLUEBERRY RASPBERRY , STRAWBERRY WATERMELON",23000.0,10,,1,POD Descartables/Desechables,https://vaporcentrovm.com.ar/wp-content/uploads/2025/03/yooz_linkx_25k.jpg,True,WHITE GUM ICE|MIX BERRY|BLUEBERRY RASPBERRY|STRAWBERRY WATERMELON
https://vaporcentrovm.com.ar/producto/pod-descartable-crypto-vibe-20-000-puffs/,Pod descartable Crypto Vibe 20.000 Puffs,"ğŸš€ VAPER CRYPTO VIBE BITCOIN 20K â€“ InnovaciÃ³n y Potencia en Cada Calada ğŸ’¨ El Crypto Vibe Bitcoin 20K es el vape ideal para quienes buscan una experiencia moderna y de alto rendimiento. Con un diseÃ±o elegante y futurista, ofrece 20,000 puffs para una duraciÃ³n prolongada. Su sabor ğŸ”¥ Â«BitcoinÂ» ğŸ”¥ te sumergirÃ¡ en una experiencia Ãºnica, perfecta para los amantes de la tecnologÃ­a y el estilo de vida digital. âœ¨ CaracterÃ­sticas principales: âœ”ï¸ ğŸ’¨ 20,000 puffs para vapeo prolongado âœ”ï¸ âš¡ Potencia y rendimiento optimizados âœ”ï¸ ğŸ¨ DiseÃ±o elegante y funcional âœ”ï¸ ğŸš€ Experiencia de sabor Ãºnica e innovadora âš ï¸ Contiene nicotina. Producto exclusivo para adultos. Â¡Vapea con responsabilidad!","Peso N/D Dimensiones N/D Sabor: TIGER MELON ICE , STRAWBERRY ICE , GRAPE ICE , DOUBLE MANGO , AMERICANO ICE , PASSION FRUIT SOUR KIWI",30000.0,10,,1,POD Descartables/Desechables,https://vaporcentrovm.com.ar/wp-content/uploads/2025/03/crypto_vibe_20k.jpg,True,TIGER MELON ICE|STRAWBERRY ICE|GRAPE ICE|DOUBLE MANGO|AMERICANO ICE|PASSION FRUIT SOUR KIWI
https://vaporcentrovm.com.ar/producto/pod-descartable-elfbar-bc-10-000-puffs/,Pod descartable Elfbar BC 10.000 Puffs,"ElfBar BC10000 Puffs â€“ Sabor Tropical y Frescura Inigualable â„ï¸ âœ¨ CaracterÃ­sticas principales: âœ”ï¸ ğŸ’¨ 10,000 puffs de duraciÃ³n prolongada âœ”ï¸ ğŸ”‹ BaterÃ­a recargable de 620 mAh âœ”ï¸ ğŸ’§ 18 ml de esencia con 50 mg (5%) de sal de nicotina âœ”ï¸ ğŸš€ ActivaciÃ³n automÃ¡tica, sin configuraciones ni ajustes âœ”ï¸ ğŸ¨ DiseÃ±o anatÃ³mico y elegante para mayor comodidad âš ï¸ Contiene nicotina. Solo para adultos. Â¡Vapea con responsabilidad!","Peso N/D Dimensiones N/D Sabor: ROYAL PURPLE , REFRESHING RED , GRAPE CHERRY , Blueberry Mint , Strawberry ice , ZESTY FIZZ",20000.0,10,,1,POD Descartables/Desechables,https://vaporcentrovm.com.ar/wp-content/uploads/2025/03/elfbar_bc_10k.jpg,True,ROYAL PURPLE|REFRESHING RED|GRAPE CHERRY|Blueberry Mint|Strawberry ice|ZESTY FIZZ
https://vaporcentrovm.com.ar/producto/pod-descartable-elfbar-gh-23-000-puffs/,Pod descartable Elfbar GH 23.000 Puffs,"ELFBAR GH 23000 PUFF â€“ InnovaciÃ³n y Durabilidad en un Solo Vape ğŸ’¨ El ElfBar GH 23000 llega con tecnologÃ­a avanzada y un diseÃ±o innovador para ofrecerte una experiencia de vapeo Ãºnica. Con hasta 23,000 puffs, una pantalla indicadora de esencia y baterÃ­a, y tres configuraciones de caladas (23K, 17K y 12K), este vape desechable se adapta a tu estilo. âœ¨ CaracterÃ­sticas principales: âœ”ï¸ ğŸ’¨ Hasta 23,000 puffs con tres opciones de configuraciÃ³n âœ”ï¸ ğŸ“º Pantalla LED con indicador de lÃ­quido y baterÃ­a âœ”ï¸ ğŸ”‹ BaterÃ­a recargable con una media de 15 recargas o mÃ¡s âœ”ï¸ âš¡ Listo para usar, sin necesidad de ajustes âœ”ï¸ â™»ï¸ EliminaciÃ³n responsable despuÃ©s de agotar el lÃ­quido âš ï¸ Contiene nicotina. Solo para adultos. Â¡Vapea con responsabilidad!","Peso N/D Dimensiones N/D Sabor: BAJA SPLASH , BLUE RAZZ ICE , GRAPE ICE , STRAWBERRY BANANA , WATERMELON ICE , STRAWBERRY ICE , ICE MINT , SAKURA GRAPE , PEACH MANGO WATERMELON",19000.0,10,,1,POD Descartables/Desechables,https://vaporcentrovm.com.ar/wp-content/uploads/2025/03/elfbar_gh_23k.jpg,True,BAJA SPLASH|BLUE RAZZ ICE|GRAPE ICE|STRAWBERRY BANANA|WATERMELON ICE|STRAWBERRY ICE|ICE MINT|SAKURA GRAPE|PEACH MANGO WATERMELON
https://vaporcentrovm.com.ar/producto/pod-descartable-elfbar-ice-king-40-000-puffs/,Pod descartable Elfbar Ice King 40.000 Puffs,"ElfBar Ice King 40000 Puffs ğŸ’¨ Experiencia prolongada â€“ Con hasta 40,000 caladas, el ELF BAR ICE KING 40000 redefine el vapeo, ofreciendo un dispositivo elegante e innovador para disfrutar sin preocupaciones. â„ï¸ Freshness Adjustment â€“ Personaliza tu experiencia de vapeo con 5 niveles ajustables de frescura. Ya sea que prefieras un enfriamiento sutil o una rÃ¡faga helada, el Ice King 40000 se adapta a tus preferencias. ğŸ”‹ BaterÃ­a de larga duraciÃ³n â€“ Equipado con una baterÃ­a recargable de 850 mAh, garantizando un rendimiento constante y duradero. ğŸ’§ E-lÃ­quido premium â€“ Con 22 ml de e-lÃ­quido precargado y una intensidad de nicotina del 5%, cada inhalaciÃ³n es intensa y satisfactoria. ğŸŒªï¸ Sistema de flujo de aire avanzado â€“ Disfruta de un vapeo personalizado con un sistema de doble flujo de aire que mejora la experiencia general. ğŸ¨ Variedad de sabores â€“ Elige entre 10 deliciosas opciones, como Dragon Strawberry, Sour Lush Gummy y Baja Splash, para satisfacer todos tus antojos. âš ï¸ Importante: Producto desechable, no cuenta con garantÃ­a y es exclusivo para mayores de 18 aÃ±os. âœ¨ Â¡Redefine la frescura y la satisfacciÃ³n con el ELF BAR ICE KING 40000!","Peso N/D Dimensiones N/D Sabor: CHERRY FUSE , SCARY BERRY , MIAMI MINT , WATERMELON ICE , SUMMER SPLASH , MANGO MAGIC , BLUE RAZZ ICE , BAJA SPLASH , GRAPE ICE , STRAWBERRY WATERMELON , TIGERS BLOOD",15000.0,10,,1,POD Descartables/Desechables,https://vaporcentrovm.com.ar/wp-content/uploads/2025/03/elfbar_ice_king.jpg,True,CHERRY FUSE|SCARY BERRY|MIAMI MINT|WATERMELON ICE|SUMMER SPLASH|MANGO MAGIC|BLUE RAZZ ICE|BAJA SPLASH|GRAPE ICE|STRAWBERRY WATERMELON|TIGERS BLOOD
https://vaporcentrovm.com.ar/producto/pod-descartable-geek-bar-pulse-x-25-000-puffs/,Pod descartable Geek Bar Pulse X 25.000 Puffs,"ğŸ”¥ Geek Bar Pulse X 25000 PUffs â€“ Potencia y Sabor Inigualable ğŸ”¥ Este vape desechable combina tecnologÃ­a avanzada y diseÃ±o innovador para ofrecerte la mejor experiencia de vapeo. âœ¨ CaracterÃ­sticas principales: âœ”ï¸ ğŸ’¨ 25,000 puffs (Modo normal) | âš¡ 15,000 puffs (Modo pulso) âœ”ï¸ ğŸ“º Pantalla LED curva 3D con efectos sorprendentes âœ”ï¸ ğŸŒ€ Flujo de aire ajustable âœ”ï¸ ğŸ”¥ Bobinas de doble malla para mÃ¡ximo sabor âœ”ï¸ ğŸ”‹ BaterÃ­a de 820 mAh con carga rÃ¡pida USB-C âœ”ï¸ ğŸ’§ Indicador de nivel de e-lÃ­quido y duraciÃ³n de baterÃ­a âœ”ï¸ ğŸš€ Activado por inhalaciÃ³n para mayor comodidad âš ï¸ Contiene nicotina. Producto exclusivo para adultos. Â¡Vapea con responsabilidad!","Peso N/D Dimensiones N/D Sabor: STRAWBERRY B-POP , BLACKBERRY BLUEBERRY , SOUR MANGO PINEAPPLE , SOUR STRAWS , COOL MINT , LEMON HEADS , WATERMELONICE",22000.0,10,,1,POD Descartables/Desechables,https://vaporcentrovm.com.ar/wp-content/uploads/2025/03/geek_bar_pulse_25k.jpg,True,STRAWBERRY B-POP|BLACKBERRY BLUEBERRY|SOUR MANGO PINEAPPLE|SOUR STRAWS|COOL MINT|LEMON HEADS|WATERMELONICE
https://vaporcentrovm.com.ar/producto/pod-descartable-insta-bar-15-000-puffs/,Pod descartable Insta Bar 15.000 Puffs,"ğŸš€ ELFBAR FS 18000 Puff â€“ Potencia y Sabor en Cada Calada ğŸ’¨ Â¡Descubre el ElfBar FS 18000, el vape desechable recargable que lleva tu experiencia al siguiente nivel! Con hasta 18,000 puffs, una baterÃ­a recargable de 650mAh y carga rÃ¡pida USB-C, disfrutarÃ¡s de un rendimiento duradero sin interrupciones. âœ¨ CaracterÃ­sticas principales: âœ”ï¸ ğŸ’¨ 18,000 puffs para una experiencia prolongada âœ”ï¸ ğŸ”‹ BaterÃ­a recargable de 650mAh âœ”ï¸ âš¡ Carga rÃ¡pida USB-C para mayor comodidad âœ”ï¸ ğŸ’§ 20ML de lÃ­quido con sabores intensos âœ”ï¸ ğŸ”¥ 5% de nicotina para una experiencia satisfactoria âœ”ï¸ ğŸ¨ DiseÃ±o elegante, compacto y portÃ¡til âš ï¸ Contiene nicotina. Solo para adultos. Â¡Vapea con responsabilidad!","Peso N/D Dimensiones N/D Sabor: STRAWBERRY ICE CREAM , ALOE GRAPE ICE , WATERMELON SMASH , BLUE COTTON CANDY , CHERRY PEACH LEMONADE , CHILL MENTHOL , PINEAPPLE COCONUT ICE , BANANA ICE , GREEN APPLE ICE , BLUEBERRY GUAVA ICE , STRAWBERRY ICE",27000.0,10,,1,POD Descartables/Desechables,https://vaporcentrovm.com.ar/wp-content/uploads/2025/03/insta_bar_15k.jpg,True,STRAWBERRY ICE CREAM|ALOE GRAPE ICE|WATERMELON SMASH|BLUE COTTON CANDY|CHERRY PEACH LEMONADE|CHILL MENTHOL|PINEAPPLE COCONUT ICE|BANANA ICE|GREEN APPLE ICE|BLUEBERRY GUAVA ICE|STRAWBERRY ICE
https://vaporcentrovm.com.ar/producto/pod-descartable-lost-mary-mixer-30-000-puffs/,Pod descartable Lost Mary Mixer 30.000 Puffs,"Lost Mary Mixer | Pod Desechable Innovador ğŸŒŸ La innovaciÃ³n que estabas esperando â€“ El Pod descartable Lost Mary Mixer combina tecnologÃ­a avanzada y un diseÃ±o intuitivo para ofrecerte una experiencia de vapeo completamente personalizada. ğŸ­ Dos sabores en un solo dispositivo â€“ Vaporiza dos sabores diferentes individualmente o en combinaciÃ³n. Ajusta tu experiencia de sabor con un simple toque del botÃ³n inferior, permitiÃ©ndote disfrutar de una variedad de opciones. ğŸ”‹ BaterÃ­a recargable â€“ Equipado con una baterÃ­a de 800 mAh, este dispositivo garantiza un rendimiento duradero para tus sesiones de vapeo. ğŸ’§ E-lÃ­quido precargado â€“ Con 19 ml de lÃ­quido electrÃ³nico y una concentraciÃ³n de nicotina del 5%, cada calada es intensa y satisfactoria. âš¡ Modos de vapeo ajustables â€“ Elige entre el modo Boost para hasta 15,000 bocanadas o el modo Suave para hasta 30,000 bocanadas, adaptÃ¡ndose a tus preferencias personales. ğŸ”Œ Puerto de carga tipo C â€“ Facilita la recarga del dispositivo para un uso continuo y conveniente. ğŸ“Š Indicadores Ãºtiles â€“ Mantente al tanto de tus niveles de lÃ­quido y baterÃ­a con el indicador incorporado, garantizando que nunca te quedes sin vapor. ğŸ”„ Switch mixer â€“ Permite elegir entre el sabor de la izquierda, el sabor de la derecha o mezclar ambos, brindando una experiencia de vapeo Ãºnica y ajustable. âš ï¸ Importante: Producto desechable, no cuenta con garantÃ­a y es exclusivo para mayores de 18 aÃ±os. âœ¨ Â¡Descubre la personalizaciÃ³n del vapeo con el Lost Mary Mixer y lleva tus sesiones a un nuevo nivel!","Peso N/D Dimensiones N/D Sabor: APPLE GRAPE , WATERMELON ICE , BLUE RAZZ ICE , RASPBERRY PINEAPPLE , MIX MINT , BLUEBERRY WATERMELON",30000.0,10,,1,POD Descartables/Desechables,https://vaporcentrovm.com.ar/wp-content/uploads/2025/03/lost_mary_mixer_30k.jpg,True,APPLE GRAPE|WATERMELON ICE|BLUE RAZZ ICE|RASPBERRY PINEAPPLE|MIX MINT|BLUEBERRY WATERMELON
https://vaporcentrovm.com.ar/producto/pod-descartable-lost-vape-orion-bar-10-000-puffs/,POD descartable Lost Vape Orion Bar 10.000 Puffs,"Orion Bar 10,000 Puffs | TecnologÃ­a, Sabor y DiversiÃ³n en un Solo Dispositivo ğŸš€ InnovaciÃ³n y rendimiento en cada calada â€“ El Orion Bar 10,000 Puffs combina tecnologÃ­a avanzada con una experiencia de vapeo excepcional. ğŸ“Š Pantalla LED inteligente â€“ Monitorea en tiempo real los niveles de baterÃ­a y e-lÃ­quido para un control total de tu vapeo. ğŸ’¨ Flujo de aire ajustable â€“ Personaliza cada inhalaciÃ³n con el sistema de ventilaciÃ³n regulable, adaptando el tiro a tu estilo. ğŸ”¥ Sabor intenso y vapor denso â€“ Equipado con un atomizador de bobina de malla de 1.0 Î©, diseÃ±ado para maximizar el sabor y la producciÃ³n de vapor. ğŸ”‹ BaterÃ­a recargable de 650 mAh â€“ Hasta 10,000 puffs, con carga rÃ¡pida USB Tipo-C para mayor comodidad. ğŸ’§ Gran capacidad de e-lÃ­quido â€“ 20 ml de esencia precargada con 5% de nicotina, asegurando un rendimiento prolongado y satisfactorio. âš ï¸ Importante: Este producto es desechable, no cuenta con garantÃ­a y es exclusivo para mayores de 18 aÃ±os. ğŸ¯ Orion Bar 10,000: Donde la tecnologÃ­a y la diversiÃ³n se encuentran en cada bocanada.","Peso N/D Dimensiones N/D Sabor: STRAWBERRY CHEW , LUSH ICE , PEACH MANGO WATERMELON , GRAPE BURST , STRAWBERRY SUMMERTIME , KIWI PASSION FRUIT GUAVA , MIAMI MINT , BLUE RAZZ ICE",20000.0,10,,1,POD Descartables/Desechables,https://vaporcentrovm.com.ar/wp-content/uploads/2025/03/orion-bar-10k.jpg,True,STRAWBERRY CHEW|LUSH ICE|PEACH MANGO WATERMELON|GRAPE BURST|STRAWBERRY SUMMERTIME|KIWI PASSION FRUIT GUAVA|MIAMI MINT|BLUE RAZZ ICE
https://vaporcentrovm.com.ar/producto/pod-descartable-nexa-20-000-puffs/,Pod descartable Nexa 20.000 Puffs,"NEXA 20000 Puff | Dispositivo de Vapeo Desechable de Alta Gama ğŸ’¨ NEXA 20000 Puff es un dispositivo desechable que destaca por su durabilidad y diseÃ±o sofisticado. Con una impresionante capacidad para ofrecer hasta 20,000 caladas, se posiciona como uno de los vapes desechables mÃ¡s longevos del mercado. ğŸ”‹ BaterÃ­a Potente de 800 mAh â€“ Asegura un rendimiento prolongado y constante durante todas tus sesiones de vapeo. ğŸ’§ Capacidad Generosa de E-lÃ­quido â€“ Con 20 ml de e-lÃ­quido, tendrÃ¡s suficiente para disfrutar sin preocuparte por recargas frecuentes. CaracterÃ­sticas Destacadas Modos de Potencia Dual: Cambia entre dos configuraciones de potencia: 12 watts para una experiencia suave. 24 watts para un golpe mÃ¡s intenso. Esta funcionalidad innovadora permite a los usuarios personalizar su experiencia de vapeo segÃºn sus preferencias, haciendo del Nexa N20000 una opciÃ³n versÃ¡til ideal para una amplia gama de vapers. âœ¨ Experimenta el equilibrio perfecto entre sofisticaciÃ³n y rendimiento con el NEXA 20000 Puff y descubre una nueva dimensiÃ³n en el vapeo!","Peso N/D Dimensiones N/D Sabor: PEACH MANGO WATERMELON , FROZEN STRAWBERRY , WATERMELON ICE , SOUR APPLE ICE , STRAWBERRY KIWI , STRAWBERRY MANGO , TRIPLE BERRY , MIGHTY MINT , GRAPE BURST , MEXICAN MANGO , CHICAGO BLUEBERRY MINT",25000.0,10,,1,POD Descartables/Desechables,https://vaporcentrovm.com.ar/wp-content/uploads/2025/03/nexa_20k.jpg,True,PEACH MANGO WATERMELON|FROZEN STRAWBERRY|WATERMELON ICE|SOUR APPLE ICE|STRAWBERRY KIWI|STRAWBERRY MANGO|TRIPLE BERRY|MIGHTY MINT|GRAPE BURST|MEXICAN MANGO|CHICAGO BLUEBERRY MINT
https://vaporcentrovm.com.ar/producto/pod-descartable-nexa-40-000-puffs/,Pod descartable Nexa 40.000 Puffs,"NEXA ULTRA 40000 Puffs | Vape desechable de alta duraciÃ³n y sabores intensos Descubre NEXA ULTRA 40000 Puffs, el vape desechable diseÃ±ado para quienes buscan durabilidad, potencia y una explosiÃ³n de sabor. Con 40.000 inhalaciones y 5% de nicotina, este dispositivo ofrece una experiencia prolongada y satisfactoria. ğŸ”‹ DuraciÃ³n extrema â€“ Â¡Hasta 40.000 puffs para un vapeo prolongado! ğŸ”¥ Sabores intensos â€“ Desde frutas exÃ³ticas hasta mentolados refrescantes. ğŸ’¨ Nube densa y suave â€“ Vapor potente con cada calada. ğŸš€ Listo para usar â€“ Sin recargas, sin complicaciones. Disfruta de una variedad de sabores irresistibles, desde la frescura afrutada de Mango Oasis y SandÃ­a ArÃ¡ndano hasta el toque nostÃ¡lgico de Gummy Blanco Ice. Refresca tu paladar con Cool Mint, Miami Mint o Blue Razz Ice, o prueba opciones intensas como Sour Apple Ice y Cherry Bomb. Experimenta la combinaciÃ³n perfecta de calidad, duraciÃ³n y sabor con NEXA ULTRA 40000 Puffs. Â¡Hazte con el tuyo y eleva tu experiencia de vapeo! ğŸš€ğŸ’¨","Peso N/D Dimensiones N/D Sabor: CHERRY BOMB , COOL MINT , B-POP , WATERMELON ICE , STRAWBERRY ICE , BLUE RAZZ ICE , MANGO , BLUEBERRY WATERMELON",30000.0,10,,1,POD Descartables/Desechables,https://vaporcentrovm.com.ar/wp-content/uploads/2025/03/nexa_40000_puffs.jpg,True,CHERRY BOMB|COOL MINT|B-POP|WATERMELON ICE|STRAWBERRY ICE|BLUE RAZZ ICE|MANGO|BLUEBERRY WATERMELON
https://vaporcentrovm.com.ar/producto/pod-descartable-rabbeats-elfbar-rc-10-000-puffs/,Pod descartable RabBeats Elfbar RC 10.000 Puffs,"RabBeats â€“ RC10000 Vape Desechable | Potencia y Sabor en Cada Calada ğŸ’¨ Capacidad excepcional â€“ El RabBeats RC10000 ofrece hasta 10,000 caladas, destacÃ¡ndose en el mercado por su durabilidad y conveniencia, reduciendo la necesidad de recargas frecuentes. ğŸ¨ DiseÃ±o innovador â€“ Su textura multicapa y recubrimientos Ã³pticos a nanoescala no solo le otorgan un aspecto llamativo, sino que tambiÃ©n mejoran la experiencia de uso. ğŸ“Š Pantalla clara â€“ Mantente informado con la pantalla que muestra claramente el nivel de potencia y e-lÃ­quido, permitiendo un monitoreo fÃ¡cil mientras disfrutas de cada calada. ğŸ’§ Bobina de malla â€“ Vaporiza el e-lÃ­quido de manera eficiente, asegurando que cada bocanada sea un disfrute de sabor suave y rico. âš¡ ConcentraciÃ³n de nicotina â€“ Con 5% de nicotina, el RabBeats RC10000 proporciona un golpe satisfactorio en cada inhalaciÃ³n. ğŸŒŸ Ideal para vapeadores exigentes â€“ Perfecto para quienes buscan una combinaciÃ³n de potencia, diseÃ±o y sabor en un dispositivo desechable. âš ï¸ Importante: Producto desechable, no cuenta con garantÃ­a y es exclusivo para mayores de 18 aÃ±os. âœ¨ Â¡Experimenta la calidad y el rendimiento del RabBeats RC10000 en tu prÃ³ximo vapeo!","Peso N/D Dimensiones N/D Sabor: STRAWBERRY KIWI ICE , CHERRY WATERMELON , FUJI ICE , BLUE RAZZ ICE , BLUEBERRY CLOUDZ , STRAWBERRY ICE , WATERMELON ICE , BLUEBERRY MINT , HONEY MANGO , MIAMI MINT",30000.0,10,,1,POD Descartables/Desechables,https://vaporcentrovm.com.ar/wp-content/uploads/2025/03/rabbeats_rc_10k.jpg,True,STRAWBERRY KIWI ICE|CHERRY WATERMELON|FUJI ICE|BLUE RAZZ ICE|BLUEBERRY CLOUDZ|STRAWBERRY ICE|WATERMELON ICE|BLUEBERRY MINT|HONEY MANGO|MIAMI MINT
https://vaporcentrovm.com.ar/producto/pod-descartable-ronaldinho-15-000-puffs/,Pod descartable Ronaldinho 15.000 Puffs,"âš½ Vape 15000 â€“ Â¡El Crack de los Vapes! ğŸ”¥ La leyenda de Ronaldinho ahora en tu vapeo. El Vape 15000 combina finura, sofisticaciÃ³n y potencia, ofreciendo 15,000 puffs para una experiencia duradera y de alta calidad. Su diseÃ±o elegante refleja el estilo Ãºnico del astro brasileÃ±o, permitiÃ©ndote disfrutar de un vapeo premium a Â¡un precio increÃ­ble! âœ¨ CaracterÃ­sticas principales: âœ”ï¸ ğŸ’¨ 15,000 puffs para vapeo prolongado âœ”ï¸ ğŸ”¥ Inspirado en la elegancia y el estilo de Ronaldinho âœ”ï¸ âš¡ Potencia y sabor excepcionales âœ”ï¸ ğŸ¨ DiseÃ±o sofisticado y ergonÃ³mico âš ï¸ Contiene nicotina. Solo para adultos. Â¡Vapea con responsabilidad!","Peso N/D Dimensiones N/D Sabor: TRIPLE BERRY , WATERMELON ICE , GRAPE ICE , STRAWBERRY KIWI , TROPICAL RAINBOW BLAST , BLUEBERRY RASPBERRY PEACH , COOL MINT",20000.0,10,,1,POD Descartables/Desechables,https://vaporcentrovm.com.ar/wp-content/uploads/2025/03/ronaldinho_15k.jpg,True,TRIPLE BERRY|WATERMELON ICE|GRAPE ICE|STRAWBERRY KIWI|TROPICAL RAINBOW BLAST|BLUEBERRY RASPBERRY PEACH|COOL MINT
https://vaporcentrovm.com.ar/producto/pod-descartable-spaceman-prism-20-000-puffs/,Pod descartable Spaceman Prism 20.000 Puffs,"ğŸš€ SMOK Spaceman 20000 Puffs Prism â€“ Frescura y Potencia en Cada Calada ğŸ’¨ Descubre el SMOK Spaceman 20K: âœ¨ CaracterÃ­sticas principales: âœ”ï¸ ğŸ’¨ 20,000 puffs de duraciÃ³n extendida âœ”ï¸ ğŸ”‹ BaterÃ­a potente de 1000 mAh recargable âœ”ï¸ ğŸ”¥ 3 modos de potencia: BOOST (20W) | NORM (18W) | SOFT (15W) âœ”ï¸ ğŸ’§ 18ML de lÃ­quido con 50mg/ml de nicotina âœ”ï¸ ğŸŒ€ Resistencia de 0,7Î© para un vapor intenso y sabroso âœ”ï¸ âš¡ Carga rÃ¡pida USB-C (5V) âœ”ï¸ ğŸ¨ DiseÃ±o compacto, discreto y listo para usar âš ï¸ Contiene nicotina. Solo para adultos. Â¡Vapea con responsabilidad!","Peso N/D Dimensiones N/D Sabor: BLUE RAZZ WATERMELON , DARK GRAPE , TRIPLE GRAPE , CHERRY BOMB , BLUE RAZZ ICE , TRIPLE STRAWBERRY",20000.0,10,,1,POD Descartables/Desechables,https://vaporcentrovm.com.ar/wp-content/uploads/2025/03/spaceman_prism_20k.jpg,True,BLUE RAZZ WATERMELON|DARK GRAPE|TRIPLE GRAPE|CHERRY BOMB|BLUE RAZZ ICE|TRIPLE STRAWBERRY
https://vaporcentrovm.com.ar/producto/pod-ignite-5-000-puffs/,Pod Ignite 5.000 Puffs,"IGNITE V50 Blueberry Ice â€“ Sabor Refrescante y Potente ğŸ’¨ Disfruta de una explosiÃ³n de frescura afrutada con el IGNITE V50 Blueberry Ice, que combina la suavidad de los arÃ¡ndanos jugosos con el toque refrescante del mentol helado. Perfecto para quienes buscan una experiencia de vapeo fresca y deliciosa. âœ¨ CaracterÃ­sticas principales: âœ”ï¸ ğŸ’¨ Hasta 5000 caladas por dispositivo, equivalente a 7 paquetes de cigarrillos âœ”ï¸ ğŸ”‹ BaterÃ­a recargable de 500 mAh con carga rÃ¡pida micro USB-C âœ”ï¸ ğŸŒ¿ 5% de nicotina derivada del tabaco para una experiencia autÃ©ntica âœ”ï¸ ğŸŒŸ TecnologÃ­a de activaciÃ³n automÃ¡tica: solo inhala para empezar âœ”ï¸ ğŸ¨ DiseÃ±o compacto, ligero, portÃ¡til y discreto âœ”ï¸ âš¡ Precargado y listo para usar sin ajustes âš ï¸ Contiene nicotina. Solo para adultos. Â¡Vapea con responsabilidad!","Peso N/D Dimensiones N/D Sabor: BANANA ICE , PEACH MANGO WATERMELON , STRAWBERRY BANANA , BLUEBERRY ICE , PEACH RASPBERRY , WATERMELON ICE , ICE MINT , STRAWBERRY KIWI , GRAPE ICE , STRAWBERRY WATERMELON , BLUE DREAM , GREEN APPLE",20000.0,10,,1,POD Descartables/Desechables,https://vaporcentrovm.com.ar/wp-content/uploads/2025/03/ignite_5k.jpg,True,BANANA ICE|PEACH MANGO WATERMELON|STRAWBERRY BANANA|BLUEBERRY ICE|PEACH RASPBERRY|WATERMELON ICE|ICE MINT|STRAWBERRY KIWI|GRAPE ICE|STRAWBERRY WATERMELON|BLUE DREAM|GREEN APPLE
https://vaporcentrovm.com.ar/producto/pod-ignite-8-000-puffs/,Pod Ignite 8.000 Puffs,"Disfruta de la fusiÃ³n robusta de tabaco con el Ignite V80 Tabaco, un pod desechable que captura la intensidad y el aroma del tabaco clÃ¡sico en cada calada. Perfecto para quienes buscan una experiencia autÃ©ntica y satisfactoria. âœ¨ CaracterÃ­sticas principales: âœ”ï¸ ğŸ’¨ Aproximadamente 8000 caladas para un vapeo prolongado âœ”ï¸ ğŸ”‹ BaterÃ­a recargable de 500mAh con carga rÃ¡pida Tipo-C âœ”ï¸ ğŸŒŸ Resistencia de malla para un sabor mÃ¡s intenso âœ”ï¸ âš¡ 5% de nicotina para una experiencia satisfactoria âœ”ï¸ ğŸ¨ DiseÃ±o elegante y compacto, fÃ¡cil de llevar y usar âœ”ï¸ ğŸ‚ Sabor a tabaco clÃ¡sico para los amantes del sabor autÃ©ntico âš ï¸ Contiene nicotina. Solo para adultos. Â¡Vapea con responsabilidad!","Peso N/D Dimensiones N/D Sabor: Menthol , Strawberry Ice , TOBACCO",23000.0,10,,1,POD Descartables/Desechables,https://vaporcentrovm.com.ar/wp-content/uploads/2025/03/ignite_8k.jpg,True,Menthol|Strawberry Ice|TOBACCO
https://vaporcentrovm.com.ar/producto/pod-losgal-mc25k/,POD LOSGAL MC25k,"Experimenta el LOSGAL MC25000 de Lost Mary , un vape desechable con 25,000 caladas , pantalla HD y sabores intensos ğŸŒ¬ï¸ğŸ”¥. Disfruta de 15 opciones deliciosas , tecnologÃ­a de doble malla y baterÃ­a recargable USB-C para una experiencia de vapeo premium.","Descubre el LOSGAL MC25000 de Lost Mary , el vape desechable que combina rendimiento, diseÃ±o y sabor . Con 25,000 caladas , pantalla HD con animaciones dinÃ¡micas, baterÃ­a recargable USB-C ğŸ”‹ y bobina de doble malla para caladas mÃ¡s suaves y sabrosas. Ajusta la potencia (14W-25W) y personaliza tu experiencia con tres modos de vapeo . ğŸ’¨ Sabores disponibles: Baja Splash ğŸŒŠğŸŠ: Refrescante y tropical, con cÃ­tricos vibrantes y un toque dulce. Black Cherry Peach ğŸ’ğŸ‘: Mezcla intensa de cereza negra y durazno jugoso. Blue Razz Ice ğŸ«â„ï¸: Frambuesa azul Ã¡cida con un final helado. Brain Bucket ğŸŠğŸ¥­ğŸŸ¢: ExplosiÃ³n tropical de naranja, mango y guayaba. Chopper ğŸ“ğŸ«: Berries intensas con un toque audaz. Cranberry Apple ğŸğŸ’: ArÃ¡ndano Ã¡cido con manzana crujiente. Ghostrider ğŸ‰â„ï¸: SandÃ­a dulce con un refrescante golpe de hielo. Grapefruit Kiwi Strawberry ğŸŠğŸ¥ğŸ“: Equilibrio perfecto entre cÃ­trico, tropical y dulce. Miami Mint ğŸŒ¿â„ï¸: Menta intensa y revitalizante. Outlaw ğŸ“ğŸğŸŠ: FusiÃ³n atrevida de fresa, piÃ±a y naranja. Peach+ ğŸ‘âœ¨: Durazno puro y jugoso con un extra de frescura. Rainbow Sherbet ğŸŒˆğŸ§: Mezcla nostÃ¡lgica de frutas y crema Ã¡cida. Sour Apple Ice ğŸâ„ï¸: Manzana verde Ã¡cida con un golpe helado. Sour Blackberry Blueberry ğŸ‡ğŸ«: Mora Ã¡cida con el dulzor equilibrado del arÃ¡ndano. Wheelie ğŸğŸ‡ğŸ¥: Manzana verde, uva jugosa y kiwi tropical en un combo atrevido. Ideal para quienes buscan un vape duradero, potente y con sabores irresistibles . Â¡Vapea con estilo y disfruta cada calada! ğŸš€ğŸ’¨",28000.0,10,,1,POD Descartables/Desechables,https://vaporcentrovm.com.ar/wp-content/uploads/2025/03/LOSGAL-MC25000-Powered-by-Lost-Mary.webp,True,GRAPEFRUIT KIWI STRAWBERRY|TRIPLE BERRY|RAINBOW SHERBET|BLUE RAZZ ICE|MIAMI MINT|WATERMELON ICE
https://vaporcentrovm.com.ar/producto/pod-oxbar-g-prime-25-000-puffs/,POD Oxbar G prime 25.000 Puffs,"OXBAR G PRIME 25,000 Puffs | Potencia, Estilo y PersonalizaciÃ³n ğŸš€ MÃ¡ximo rendimiento y personalizaciÃ³n â€“ El OXBAR G PRIME redefine el vapeo con su tecnologÃ­a Unioneâ„¢ Dual Mesh Coil, ofreciendo sabor mejorado y mayor eficiencia en cada calada. ğŸ’¨ Hasta 25,000 inhalaciones â€“ Disfruta de una experiencia prolongada en modo normal, o 15,000 puffs en modo Boost para un golpe mÃ¡s intenso. âš¡ Seis niveles de potencia â€“ Ajusta la intensidad segÃºn tus preferencias, optimizando el aroma, la dulzura y la producciÃ³n de vapor. ğŸ”„ Flujo de aire ajustable â€“ Controla la densidad del vapor para una experiencia personalizada. ğŸ“Š Pantalla inteligente â€“ Visualiza en tiempo real el nivel de baterÃ­a, e-lÃ­quido y configuraciÃ³n de energÃ­a. ğŸ”‹ BaterÃ­a recargable de 900 mAh â€“ Con carga rÃ¡pida USB Tipo-C, ideal para un uso continuo sin interrupciones. ğŸ¨ DiseÃ±o inspirado en el graffiti â€“ Un estilo moderno y urbano que destaca. âš ï¸ Importante: Producto desechable, no cuenta con garantÃ­a y es exclusivo para mayores de 18 aÃ±os. âœ¨ OXBAR G PRIME 25K: Personaliza tu vapeo con potencia y estilo.","Peso N/D Dimensiones N/D Sabor: STRAWBERRY RASPBERRY , FROSTY MINT , STRAWBERRY BUBBLEGUM , WATERMELON SLUSHIE , PEACH ICE , MANGO , CHERRY BLUE DRAGONFRUIT , APPLE SOUR RASPBERRY , MIX BERRIES , WHITE GUMMY",28000.0,10,,1,POD Descartables/Desechables,https://vaporcentrovm.com.ar/wp-content/uploads/2025/03/oxbar_g_prime_25k.jpg,True,STRAWBERRY RASPBERRY|FROSTY MINT|STRAWBERRY BUBBLEGUM|WATERMELON SLUSHIE|PEACH ICE|MANGO|CHERRY BLUE DRAGONFRUIT|APPLE SOUR RASPBERRY|MIX BERRIES|WHITE GUMMY
https://vaporcentrovm.com.ar/producto/pyne-pod-round-trip-20k/,PYNE POD ROUND TRIP 20K,"isfruta del PYNE POD Round Trip 20K , un vape desechable de alto rendimiento diseÃ±ado para brindar una experiencia suave, potente y duradera . Con 15 ml de e-lÃ­quido premium , garantiza un sabor excepcional en cada calada ğŸ’¨ğŸ”¥. âœ… CaracterÃ­sticas principales: Hasta 20,000 caladas para un vapeo prolongado. BaterÃ­a recargable de 600 mAh ğŸ”‹ (cable no incluido). Encendido con un solo clic para mayor comodidad. 5% de nicotina (50 mg) para una satisfacciÃ³n intensa. El PYNE POD Round Trip 20K es la combinaciÃ³n perfecta de simplicidad, rendimiento y sabor , ideal para quienes buscan un vapeo sin complicaciones pero con calidad premium.","Sabor: BLUE RAZZ ICE , STRAWBERRY KIWI ICE , RASPBERRY CHERRY ICE , PINEAPPLE MANGO ICE , CALIFORNIA CHERRY , CHERRY BLOSSOM GRAPE , LUSH ICE , BLUEBERRY WATERMELON",19000.0,10,,1,POD Descartables/Desechables,https://vaporcentrovm.com.ar/wp-content/uploads/2025/03/c387e3b4-1cf6-4902-ac7e-a5466f404845.webp,True,BLUE RAZZ ICE|STRAWBERRY KIWI ICE|RASPBERRY CHERRY ICE|PINEAPPLE MANGO ICE|CALIFORNIA CHERRY|CHERRY BLOSSOM GRAPE|LUSH ICE|BLUEBERRY WATERMELON
https://vaporcentrovm.com.ar/producto/rabbeats-rc10000-touch/,RabBeats RC10000 Touch,"La RevoluciÃ³n del Vapeo en Tus Manos ğŸ”¥ Â¡Llega el futuro del vapeo con el RabBeats RC10000 Touch! ğŸ”¥ Este no es un vape desechable comÃºn, es una obra maestra de la innovaciÃ³n , diseÃ±ado para quienes buscan mÃ¡s que una simple experiencia de vapeo. ğŸš€ PRIMER VAPE DESECHABLE CON PANTALLA TÃCTIL ğŸš€ Controla y personaliza tu experiencia con solo un toque. OlvÃ­date de los botones y sumÃ©rgete en una nueva forma de vapear. CaracterÃ­sticas Destacadas: âœ… Hasta 10,000 puffs con una capacidad de 18mL de e-juice . âœ… TecnologÃ­a de bobina de malla para un sabor mÃ¡s intenso y nubes densas. âœ… BaterÃ­a recargable de 620mAh con carga rÃ¡pida USB Tipo-C . âœ… Flujo de aire ajustable para una experiencia personalizada. âœ… 3 modos de vapeo : Ligero, Suave y Fuerte , ajusta la intensidad a tu gusto. âœ… Experiencia MTL (boca a pulmÃ³n) para un golpe de garganta Ã³ptimo. ğŸ’¨ El RabBeats RC10000 Touch no es solo un vape, es tu compaÃ±ero de aventuras. Experimenta la fusiÃ³n perfecta entre tecnologÃ­a, sabor y diseÃ±o futurista .","Sabor: CITRUS GRAPE , WATERMELON BG , BLUEBERRY WATERMELON , OMG , RUBY RASPBERRY , CHERRY LEMON , BLUE RAZZ ICE , COCONUT BANANA",28000.0,10,,1,POD Descartables/Desechables,https://vaporcentrovm.com.ar/wp-content/uploads/2025/03/three-rabbeats-rc10000-touch-vape.webp,True,CITRUS GRAPE|WATERMELON BG|BLUEBERRY WATERMELON|OMG|RUBY RASPBERRY|CHERRY LEMON|BLUE RAZZ ICE|COCONUT BANANA
https://vaporcentrovm.com.ar/producto/sex-addict-s280-by-dan-bilzerian/,Sex Addict S280 by Dan Bilzerian,"Sabor: WATERMELON GRAPE ICE , STRAWBERRY ICE , BANANA ICE , ICY MINT , GRAPE ICE , PASSION FRUIT SOUR KIWI , GRAPE KIWI ICE , BLUEBERRY ICE","Sabor: WATERMELON GRAPE ICE , STRAWBERRY ICE , BANANA ICE , ICY MINT , GRAPE ICE , PASSION FRUIT SOUR KIWI , GRAPE KIWI ICE , BLUEBERRY ICE",16000.0,10,,1,POD Descartables/Desechables,https://vaporcentrovm.com.ar/wp-content/uploads/2025/03/f34a7d1fe28833dfe18f4006a675e02c0aeb7471.jpg,True,WATERMELON GRAPE ICE|STRAWBERRY ICE|BANANA ICE|ICY MINT|GRAPE ICE|PASSION FRUIT SOUR KIWI|GRAPE KIWI ICE|BLUEBERRY ICE
https://vaporcentrovm.com.ar/producto/28674/,UWELL Prime BG12000,"Potencia y Sabor en Cada Calada El UWELL Prime BG12000 es el primer vape desechable de UWELL con tecnologÃ­a Dual Mesh , ofreciendo una experiencia superior con nubes mÃ¡s densas y sabores mÃ¡s intensos . Cambia entre modo Regular (12W) y modo Boost (18W) para personalizar tu vapeo segÃºn tu preferencia. âœ… Hasta 12,000 puffs con baterÃ­a recargable de 750mAh. âœ… Capacidad de 20mL de e-lÃ­quido para un vapeo prolongado. âœ… Potencia de nicotina de 50mg para un golpe fuerte y satisfactorio. âœ… Flujo de aire ajustable para mayor control. âœ… Puerto de carga USB Tipo-C para recargar fÃ¡cilmente. âœ… DiseÃ±o futurista y compacto con materiales premium de PC y aleaciÃ³n de aluminio. Gracias a la tecnologÃ­a Dual Mesh y sus resistencias avanzadas (1.2Î© Regular / 0.6Î© Boost) , el UWELL Prime BG12000 ofrece un sabor constante y potente desde la primera hasta la Ãºltima calada. Â¡Vapea con calidad, potencia y el mejor rendimiento con el UWELL Prime BG12000 ! ğŸš€ğŸ’¨","Sabor: MANGO ICE , CHERRY FIZZ , BLUE RAZZ , RASPBERRY DRAGON FRUIT , GRAPE ICE , PEACH BERRIES ICE",14000.0,10,,1,POD Descartables/Desechables,https://vaporcentrovm.com.ar/wp-content/uploads/2025/03/uwell.webp,True,MANGO ICE|CHERRY FIZZ|BLUE RAZZ|RASPBERRY DRAGON FRUIT|GRAPE ICE|PEACH BERRIES ICE
https://vaporcentrovm.com.ar/producto/%f0%9f%94%a5-ignite-30k-potencia-y-sabor-en-cada-calada-%f0%9f%a7%8a/,ğŸ”¥ IGNITE 30K â€“ Potencia y Sabor en Cada Calada ğŸ§Š,"IGNITE 30K con 5% de nicotina y 800mAh, es la combinaciÃ³n perfecta de frescura y potencia. Â¡Vapea con estilo y disfruta cada calada! ğŸ’¨","IGNITE 30K es un vape desechable que redefine la experiencia. Con 5% de nicotina y una potente baterÃ­a de 800mAh , cada calada te ofrece una sensaciÃ³n de frescura y potencia duradera. Su diseÃ±o elegante y compacto lo convierte en la opciÃ³n ideal para quienes buscan una experiencia premium. Disponible en una variedad de sabores increÃ­bles, el IGNITE 30K te garantiza una experiencia Ãºnica en cada vapeo. Â¡No esperes mÃ¡s para encender tu dÃ­a con el poder del ICE! â„ï¸ğŸ’¥",32000.0,10,,1,POD Descartables/Desechables,https://vaporcentrovm.com.ar/wp-content/uploads/2025/07/a7a4a0a272ddbf2eceb78dd682db4441-1.png,True,WATERMELON ICE|GRAPE ICE|STRAWBERRY ICE|PINEAPPLE KIWI DRAGON FRUIT|CACTUS LIME SODA|BLUEBERRY ICE
